GPS Time, Device Time, Longitude, Latitude,GPS Speed (Meters/second), Horizontal Dilution of Precision, Altitude, Bearing, G(x), G(y), G(z), G(calibrated),Miles Per Gallon(Instant)(mpg),GPS Altitude(ft),Speed (GPS)(mph),Run time since engine start(s),Speed (OBD)(mph),Miles Per Gallon(Long Term Average)(mpg)
Sun Jan 06 11:28:07 EST 2013,06-Jan-2013 12:29:35.805,-85.37369528333333,38.401683,0.0,2.0,231.6,0.0,-0.1176798,9.45361042,1.46119082,-0.03017002,0,-,-,0,0,35.21942902
Sun Jan 06 12:29:36 EST 2013,06-Jan-2013 12:29:40.699,-85.37373873333334,38.40169193333333,0.0,8.0,221.1,0.0,-0.1176798,9.45361042,1.46119082,-0.03017002,0,725.39373779,-,21,0,35.2187233
Sun Jan 06 12:29:43 EST 2013,06-Jan-2013 12:29:45.703,-85.37373465,38.40167805,0.0,3.0,222.8,0.0,0.14709975,10.43427563,1.41215754,-0.02319492,0,730.97113037,0,28,0,35.21844101
Sun Jan 06 12:29:48 EST 2013,06-Jan-2013 12:29:50.696,-85.37373161666666,38.40167698333333,0.0,2.0,222.9,0.0,-0.74530536,10.23814201,1.15718472,0.04767501,0,731.29919434,0,33,0,35.21787643
Sun Jan 06 12:29:53 EST 2013,06-Jan-2013 12:29:55.696,-85.373716,38.40166481666667,0.66877776,2.0,224.4,149.9,-0.35303938,10.82654095,1.5102241,0.10953164,0,736.22045898,1.49601328,38,0,35.21717453
Sun Jan 06 12:29:58 EST 2013,06-Jan-2013 12:30:00.702,-85.37368548333333,38.40163805,0.97744447,2.0,225.7,159.8,0.0392266,9.53206348,1.25525117,0.01675788,5.45426941,740.48553467,2.186481,43,2.48548484,35.21162415
Sun Jan 06 12:30:03 EST 2013,06-Jan-2013 12:30:05.693,-85.37366798333333,38.40161023333334,0.0,2.0,226.2,0.0,1.38273764,10.53234196,0.60801226,0.07926059,0,742.12597656,0,48,2.48548484,35.20383453
Sun Jan 06 12:30:08 EST 2013,06-Jan-2013 12:30:10.696,-85.3735369,38.40170198333333,3.704,2.0,226.4,64.4,-1.45138419,9.70858288,1.33370435,0.00449514,13.96802807,742.78210449,8.28561115,53,8.07782555,35.19261551
Sun Jan 06 12:30:13 EST 2013,06-Jan-2013 12:30:15.688,-85.3734485,38.40183126666667,3.704,2.0,227.4,341.9,-0.39226598,10.66963482,2.3928225,0.11000311,11.07116508,746.06298828,8.28561115,58,9.32056808,35.18423462
Sun Jan 06 12:30:18 EST 2013,06-Jan-2013 12:30:20.693,-85.37356388333333,38.402002216666666,4.8357778,2.0,227.8,328.4,-0.1569064,9.80665016,0.0392266,-0.00556332,15.71895218,747.37536621,10.81732655,63,11.18468189,35.17494583
Sun Jan 06 12:30:23 EST 2013,06-Jan-2013 12:30:25.695,-85.3737235,38.40221171666666,5.2987776,2.0,227.7,329.6,-0.09806649,10.20872211,0.0784532,0.03536546,16.59222794,747.04724121,11.8530283,68,11.80605221,35.1705246
Sun Jan 06 12:30:28 EST 2013,06-Jan-2013 12:30:30.688,-85.37385676666666,38.402393833333335,3.4467778,2.0,229.0,331.0,0.19613299,8.74753189,1.9221034,0.00510044,18.87904358,751.31231689,7.71022224,73,6.83508301,35.16885376
Sun Jan 06 12:30:33 EST 2013,06-Jan-2013 12:30:35.697,-85.37388743333334,38.4024406,0.0,2.0,229.0,0.0,-1.49061072,10.70886135,0.72569209,0.09927344,0,751.31231689,0,78,0,35.16658401
Sun Jan 06 12:30:38 EST 2013,06-Jan-2013 12:30:40.698,-85.37392971666667,38.40246066666667,3.138111,2.0,229.2,297.7,-1.88287675,8.86521149,0.86298519,-0.07733005,5.56092358,751.96850586,7.01975393,83,13.04879475,35.15855026
Sun Jan 06 12:30:43 EST 2013,06-Jan-2013 12:30:45.694,-85.37427076666667,38.4023288,8.539778,2.0,229.0,237.8,-1.52983737,10.02239609,1.45138419,0.03866291,15.68531132,751.31231689,19.1029377,88,19.88387871,35.14855957
Sun Jan 06 12:30:48 EST 2013,06-Jan-2013 12:30:50.688,-85.37471166666667,38.40209648333333,9.980222,2.0,228.3,238.5,0.78453195,9.61051655,2.07900977,0.00015354,65.82311249,749.01574707,22.32512093,93,22.36936378,35.14588928
Sun Jan 06 12:30:53 EST 2013,06-Jan-2013 12:30:55.696,-85.37519933333333,38.40186813333333,9.465777,2.0,227.2,238.0,0.94143838,9.37515736,2.86354184,-0.00150156,82.64173126,745.40679932,21.1743412,98,20.50524902,35.16645432
Sun Jan 06 12:30:58 EST 2013,06-Jan-2013 12:31:00.692,-85.37559135,38.40167863333333,5.0415554,2.0,227.3,238.5,1.01989162,9.58109665,1.89268339,-0.00440359,26.20269585,745.73492432,11.27763844,103,8.69919682,35.17850494
Sun Jan 06 12:31:03 EST 2013,06-Jan-2013 12:31:05.696,-85.3757054,38.401623883333336,0.0,2.0,228.3,0.0,0.48052585,10.13026905,1.03950489,0.03386688,0,749.01574707,0,108,0,35.1721344
Sun Jan 06 12:31:08 EST 2013,06-Jan-2013 12:31:10.709,-85.37570703333333,38.40162405,0.0,2.0,228.8,0.0,-0.50994581,10.19891548,1.06892478,0.04127312,0,750.65618896,0,113,0,35.17143631
Sun Jan 06 12:31:13 EST 2013,06-Jan-2013 12:31:15.695,-85.37570646666667,38.401624266666666,0.0,2.0,228.8,0.0,0.86298519,9.29670429,0.91201842,-0.04907739,0,750.65618896,0,118,0,35.17073822
Sun Jan 06 12:31:18 EST 2013,06-Jan-2013 12:31:20.695,-85.3757067,38.40162436666667,0.0,2.0,228.8,0.0,0.45110589,10.02239609,0.9904716,0.02229941,0,750.65618896,0,123,0,35.16989899
Sun Jan 06 12:31:23 EST 2013,06-Jan-2013 12:31:25.689,-85.37570671666667,38.40162436666667,0.0,2.0,228.8,0.0,0.70607877,9.45361042,0.9904716,-0.03374273,0,750.65618896,0,128,0,35.1692009
Sun Jan 06 12:31:28 EST 2013,06-Jan-2013 12:31:30.688,-85.37570673333333,38.40162436666667,0.0,2.0,228.8,0.0,0.59820563,10.3950491,0.9610517,0.06054497,0,750.65618896,0,133,0,35.16864014
Sun Jan 06 12:31:33 EST 2013,06-Jan-2013 12:31:35.701,-85.37570673333333,38.40162436666667,0.0,2.0,228.8,0.0,-0.4314926,10.31659508,0.94143838,0.05156815,0,750.65618896,0,138,0,35.16780472
Sun Jan 06 12:31:38 EST 2013,06-Jan-2013 12:31:40.700,-85.37570673333333,38.40162435,0.0,2.0,228.8,0.0,-0.23535959,10.43427563,1.01008487,0.06352031,0,750.65618896,0,143,0,35.16710663
Sun Jan 06 12:31:43 EST 2013,06-Jan-2013 12:31:45.716,-85.37570671666667,38.40162435,0.0,2.0,228.8,0.0,-0.0784532,10.51272869,1.03950489,0.07153201,0,750.65618896,0,147,0,35.16669083
Sun Jan 06 12:31:47 EST 2013,06-Jan-2013 12:31:50.688,-85.37570671666667,38.40162435,0.0,2.0,228.8,0.0,0.2549729,10.15968895,0.9904716,0.03552294,0,750.65618896,0,153,0,35.16585541
Sun Jan 06 12:31:53 EST 2013,06-Jan-2013 12:31:55.698,-85.37570671666667,38.40162436666667,0.0,2.0,228.8,0.0,0.40207264,10.13026905,1.02969825,0.03341913,0,750.65618896,0,158,0,35.16529465
Sun Jan 06 12:31:58 EST 2013,06-Jan-2013 12:32:00.690,-85.37570671666667,38.40162436666667,0.0,2.0,228.8,0.0,0.70607877,9.83607006,1.01008487,0.00513923,0,750.65618896,0,163,0,35.16460037
Sun Jan 06 12:32:03 EST 2013,06-Jan-2013 12:32:05.695,-85.37570671666667,38.40162436666667,0.0,2.0,228.8,0.0,0.23535959,10.11065578,1.02969825,0.03089905,0,750.65618896,0,168,0,35.1639061
Sun Jan 06 12:32:07 EST 2013,06-Jan-2013 12:32:10.705,-85.37570671666667,38.40162435,0.0,2.0,228.8,0.0,0.48052585,9.67916298,1.06892478,-0.01148862,0,750.65618896,0,173,0,35.16307068
Sun Jan 06 12:32:12 EST 2013,06-Jan-2013 12:32:15.696,-85.37570673333333,38.40162433333333,0.0,2.0,228.8,0.0,0.33342609,9.77723026,1.01008487,-0.00281739,0,750.65618896,0,178,0,35.1623764
Sun Jan 06 12:32:18 EST 2013,06-Jan-2013 12:32:20.689,-85.37570673333333,38.40162431666667,0.0,2.0,228.8,0.0,0.2157463,9.95374966,1.04931152,0.01515496,0,750.65618896,0,183,0,35.16167831
Sun Jan 06 12:32:23 EST 2013,06-Jan-2013 12:32:25.707,-85.37570675,38.4016243,0.0,2.0,228.8,0.0,0.2745862,9.96355629,1.05911815,0.01640081,0,750.65618896,0,188,0,35.16112518
Sun Jan 06 12:32:28 EST 2013,06-Jan-2013 12:32:30.694,-85.37570675,38.401624283333334,0.0,2.0,228.8,0.0,0.23535959,10.32640266,0.86298519,0.05122459,0,750.65618896,0,193,0,35.16043091
Sun Jan 06 12:32:33 EST 2013,06-Jan-2013 12:32:35.691,-85.37570675,38.401624266666666,0.0,2.0,228.8,0.0,-0.74530536,9.92432976,1.86326349,0.02677202,12.03863144,750.65618896,0,198,8.69919682,35.15285492
Sun Jan 06 12:32:38 EST 2013,06-Jan-2013 12:32:40.692,-85.3758105,38.40144591666667,6.3276668,2.0,228.9,160.8,0.70607877,10.01258945,1.18660462,0.02495313,12.70939445,750.98425293,14.15458775,203,16.15565109,35.14294434
Sun Jan 06 12:32:43 EST 2013,06-Jan-2013 12:32:45.704,-85.37563378333333,38.40113135,9.157111,2.0,227.9,148.4,0.0784532,11.10112762,0.47071919,0.12730074,12.06756973,747.70336914,20.48387337,207,22.36936378,35.13572693
Sun Jan 06 12:32:47 EST 2013,06-Jan-2013 12:32:50.696,-85.3754264,38.400808633333334,10.288889,2.0,228.3,162.1,-0.35303938,10.23814201,2.43204904,0.06793094,12.52418137,749.01574707,23.01558876,212,22.9907341,35.13453674
Sun Jan 06 12:32:53 EST 2013,06-Jan-2013 12:32:55.708,-85.37555445,38.40020556666666,14.198667,2.0,226.9,212.6,-0.62762558,11.15016079,1.39254427,0.14186907,17.26903915,744.42254639,31.76151276,218,33.55404282,35.12588501
Sun Jan 06 12:32:57 EST 2013,06-Jan-2013 12:33:00.703,-85.37597866666667,38.3997505,16.719444,2.0,225.0,217.7,-0.62762558,9.02211761,0.50994581,-0.081985,51.89002991,738.18896484,37.40032959,223,39.14638519,35.12277222
Sun Jan 06 12:33:02 EST 2013,06-Jan-2013 12:33:05.692,-85.37658965,38.39911961666667,18.41711,2.0,222.4,217.6,0.70607877,10.43427563,1.88287675,0.07785141,25.83669853,729.65875244,41.19790268,227,42.25324249,35.12176132
Sun Jan 06 12:33:08 EST 2013,06-Jan-2013 12:33:10.696,-85.37746966666667,38.39831768333333,20.886444,2.0,221.5,225.7,-0.0392266,10.13026905,-0.1176798,0.02736688,11.78363895,726.70605469,46.72164536,233,47.84558105,35.11540604
Sun Jan 06 12:33:13 EST 2013,06-Jan-2013 12:33:15.771,-85.37845011666667,38.3976632,23.97311,2.0,221.5,231.2,0.35303938,10.27736855,-0.66685218,0.02861361,12.7858448,726.70605469,53.62631607,237,54.05929184,35.10596466
Sun Jan 06 12:33:18 EST 2013,06-Jan-2013 12:33:20.695,-85.37958293333334,38.39695145,26.28811,2.0,221.0,231.1,-0.0588399,9.89490986,2.1182363,0.02616823,40.38808823,725.06561279,58.80482864,243,57.78752136,35.09971619
Sun Jan 06 12:33:22 EST 2013,06-Jan-2013 12:33:25.705,-85.38053713333333,38.39636788333333,26.905445,2.0,220.7,232.6,-1.25525117,9.51245022,1.38273764,-0.01717883,17.35162926,724.08135986,60.18576431,247,60.89437866,35.09305191
Sun Jan 06 12:33:28 EST 2013,06-Jan-2013 12:33:30.701,-85.38207268333333,38.3954326,29.374777,2.0,219.8,234.4,-0.19613299,8.86521149,1.47099745,-0.08909237,19.60965729,721.12860107,65.70950317,253,65.86534882,35.08773804
Sun Jan 06 12:33:32 EST 2013,06-Jan-2013 12:33:35.713,-85.38320478333333,38.394819416666664,30.558,2.0,219.0,236.6,-1.25525117,10.82654095,0.86298519,0.10913539,21.38218307,718.50396729,68.35630035,258,68.35083008,35.08307266
Sun Jan 06 12:33:38 EST 2013,06-Jan-2013 12:33:40.710,-85.38502606666667,38.393941266666666,31.638334,2.0,218.0,239.8,0.0392266,10.02239609,1.372931,0.02584219,19.26038742,715.2230835,70.77293396,262,70.83631897,35.07686996
Sun Jan 06 12:33:43 EST 2013,06-Jan-2013 12:33:45.690,-85.38663933333333,38.39325323333333,32.204224,2.0,217.2,242.6,-0.58839899,9.85568333,3.47155404,0.06148958,115.72685242,712.59838867,72.03879547,268,70.83631897,35.0734024
Sun Jan 06 12:33:47 EST 2013,06-Jan-2013 12:33:50.696,-85.38792538333334,38.392746116666665,30.866667,2.0,216.9,244.4,0.95124501,9.76742363,2.07900977,0.01721478,51.20642853,711.61413574,69.04676056,273,67.72946167,35.07540512
Sun Jan 06 12:33:53 EST 2013,06-Jan-2013 12:33:55.703,-85.38982941666667,38.39207841666666,30.352222,2.0,217.1,247.8,-0.58839899,9.85568333,2.00055647,0.02154064,21.73259354,712.27038574,67.89598846,278,67.72946167,35.07276154
Sun Jan 06 12:33:58 EST 2013,06-Jan-2013 12:34:00.706,-85.39147563333333,38.39158508333333,31.175333,2.0,216.3,250.5,0.14709975,9.19863701,0.47071919,-0.06633151,25.56156731,709.64569092,69.73722839,283,69.59357452,35.0691185
Sun Jan 06 12:34:03 EST 2013,06-Jan-2013 12:34:05.690,-85.39317368333333,38.391136616666664,31.072445,2.0,215.5,252.6,0.23535959,11.14035416,0.4314926,0.13135898,51.86550522,707.02099609,69.50708008,288,67.72946167,35.07118988
Sun Jan 06 12:34:08 EST 2013,06-Jan-2013 12:34:10.710,-85.39485196666666,38.390752766666665,30.558,2.0,215.0,255.8,-0.6864655,11.76797962,2.3928225,0.22077787,27.68461227,705.3805542,68.35630035,293,67.72946167,35.06978226
Sun Jan 06 12:34:13 EST 2013,06-Jan-2013 12:34:15.715,-85.39656523333333,38.39046055,30.609444,2.0,215.6,258.2,-0.19613299,11.00306129,0.86298519,0.11950147,26.27445984,707.34912109,68.47137451,297,67.72946167,35.06708908
Sun Jan 06 12:34:18 EST 2013,06-Jan-2013 12:34:20.695,-85.39828155,38.39018166666666,30.763779,2.0,215.3,258.0,-0.65704554,9.70858288,1.31409109,-0.00442803,29.60954094,706.36486816,68.81661224,303,68.35083008,35.06399918
Sun Jan 06 12:34:23 EST 2013,06-Jan-2013 12:34:25.693,-85.40000368333334,38.3898958,30.660889,2.0,214.1,257.9,-1.11795807,9.88510323,2.98122144,0.05327821,29.27913666,702.42785645,68.5864563,308,67.72946167,35.06214142
Sun Jan 06 12:34:28 EST 2013,06-Jan-2013 12:34:30.697,-85.40171923333334,38.38960955,30.558,2.0,213.7,257.7,0.50994581,9.72819614,2.64779544,0.02369237,27.08602715,701.11547852,68.35630035,313,67.72946167,35.06035614
Sun Jan 06 12:34:33 EST 2013,06-Jan-2013 12:34:35.692,-85.40341886666667,38.389277,30.609444,2.0,213.1,254.0,-2.05939651,9.22805786,3.33426094,0.01663411,26.93006134,699.14697266,68.47137451,318,67.72946167,35.05703354
Sun Jan 06 12:34:38 EST 2013,06-Jan-2013 12:34:40.689,-85.40507876666666,38.388829466666664,30.763779,2.0,212.6,248.7,0.53936571,9.52225685,0.86298519,-0.02916169,30.06978416,697.5065918,68.81661224,323,67.72946167,35.05438614
Sun Jan 06 12:34:43 EST 2013,06-Jan-2013 12:34:45.689,-85.40668773333333,38.38827775,30.712334,2.0,212.3,243.9,-0.0392266,9.26728439,0.66685218,-0.05822945,28.42087936,696.52233887,68.70153046,328,67.72946167,35.05154419
Sun Jan 06 12:34:48 EST 2013,06-Jan-2013 12:34:50.694,-85.408227,38.38760915,30.609444,2.0,212.0,238.6,0.22555295,9.10057068,0.47071919,-0.07615012,28.94092751,695.53808594,68.47137451,333,67.72946167,35.04822159
Sun Jan 06 12:34:53 EST 2013,06-Jan-2013 12:34:55.690,-85.4096878,38.38684105,30.712334,2.0,211.4,233.5,-0.69627213,9.66935635,3.33426094,0.03967357,29.21816254,693.56951904,68.70153046,338,68.35083008,35.04500198
Sun Jan 06 12:34:58 EST 2013,06-Jan-2013 12:35:00.696,-85.41106941666666,38.385985,30.763779,2.0,211.0,231.1,-1.88287675,9.57129002,2.74586201,0.02765274,32.81235123,692.25720215,68.81661224,343,67.72946167,35.04307938
Sun Jan 06 12:35:03 EST 2013,06-Jan-2013 12:35:05.688,-85.41244313333333,38.385123033333336,30.609444,2.0,211.2,231.7,-0.2157463,8.96327782,0,-0.09140527,25.86755371,692.91339111,68.47137451,348,67.72946167,35.04024887
Sun Jan 06 12:35:08 EST 2013,06-Jan-2013 12:35:10.690,-85.41385003333333,38.38430043333334,30.712334,2.0,211.3,234.9,2.00055647,10.09104252,0.45110589,0.04431832,30.60768318,693.24145508,68.70153046,353,67.72946167,35.03681564
Sun Jan 06 12:35:13 EST 2013,06-Jan-2013 12:35:15.688,-85.41532948333334,38.38355176666666,30.763779,2.0,210.8,239.3,-1.33370435,10.23814201,3.45194077,0.1043694,32.35667801,691.60107422,68.81661224,358,67.72946167,35.03482056
Sun Jan 06 12:35:18 EST 2013,06-Jan-2013 12:35:20.688,-85.41685968333333,38.38286946666667,30.712334,2.0,210.1,241.0,-0.74530536,10.10084915,2.58895564,0.06028569,30.95601654,689.30450439,68.70153046,363,68.35083008,35.03287506
Sun Jan 06 12:35:23 EST 2013,06-Jan-2013 12:35:25.689,-85.41840021666667,38.38220285,30.763779,2.0,209.5,240.9,0.2157463,11.14035416,2.00055647,0.14862919,32.86741257,687.3359375,68.81661224,368,68.35083008,35.03116608
Sun Jan 06 12:35:28 EST 2013,06-Jan-2013 12:35:30.690,-85.41994048333333,38.3815329,30.763779,2.0,208.7,241.2,-1.49061072,9.68896961,2.86354184,0.03568554,32.9665451,684.71130371,68.81661224,373,68.35083008,35.03028107
Sun Jan 06 12:35:33 EST 2013,06-Jan-2013 12:35:35.687,-85.42148306666667,38.380865183333334,30.763779,2.0,208.2,241.1,0.87279183,10.17930222,1.72597039,0.0508517,33.15991211,683.07086182,68.81661224,378,67.72946167,35.02960968
Sun Jan 06 12:35:38 EST 2013,06-Jan-2013 12:35:40.689,-85.4230187,38.380201033333336,30.558,2.0,208.5,241.3,0.9904716,10.86576748,-0.8237586,0.11002135,25.02775764,684.05511475,68.35630035,383,67.72946167,35.0267334
Sun Jan 06 12:35:43 EST 2013,06-Jan-2013 12:35:45.689,-85.42454956666667,38.37954096666667,30.558,2.0,210.1,241.2,1.13757133,9.49283695,0.19613299,-0.03056002,23.76450157,689.30450439,68.35630035,388,67.72946167,35.02125168
Sun Jan 06 12:35:48 EST 2013,06-Jan-2013 12:35:50.691,-85.42608226666667,38.378874333333336,30.609444,2.0,212.0,241.1,-0.53936571,10.53234196,1.17679799,0.0763545,25.23482323,695.53808594,68.47137451,393,67.72946167,35.01523209
Sun Jan 06 12:35:53 EST 2013,06-Jan-2013 12:35:55.689,-85.42762193333333,38.37820286666667,30.866667,2.0,212.7,241.2,-0.86298519,10.82654095,2.82431507,0.138587,30.25487709,697.83465576,69.04676056,397,68.35083008,35.01158142
Sun Jan 06 12:35:58 EST 2013,06-Jan-2013 12:36:00.690,-85.4291693,38.37753111666667,30.918112,2.0,211.0,240.9,0.66685218,10.00278282,1.11795807,0.02289188,37.87929916,692.25720215,69.16184235,403,68.35083008,35.01186752
Sun Jan 06 12:36:03 EST 2013,06-Jan-2013 12:36:05.689,-85.43070511666667,38.37685188333333,30.249332,2.0,207.6,239.5,-0.66685218,9.76742363,1.88287675,0.01090908,110.21324158,681.10235596,67.66582489,408,65.86534882,35.01491547
Sun Jan 06 12:36:08 EST 2013,06-Jan-2013 12:36:10.690,-85.43212596666666,38.3761438,28.963223,2.0,206.1,236.0,-0.1176798,10.86576748,1.21602452,0.10924304,26.31084442,676.18115234,64.78888702,413,64.62260437,35.0161171
Sun Jan 06 12:36:13 EST 2013,06-Jan-2013 12:36:15.692,-85.43347211666666,38.37536196666667,29.426222,3.0,205.7,231.9,-0.04903325,9.96355629,0.5491724,0.01184916,33.83995819,674.86877441,65.82458496,418,65.24397278,35.01374817
Sun Jan 06 12:36:18 EST 2013,06-Jan-2013 12:36:20.689,-85.43476378333334,38.37451313333333,29.271889,2.0,205.5,228.8,0.78453195,9.94394302,0.0392266,0.01145363,28.88855743,674.21258545,65.47934723,423,64.62260437,35.01260376
Sun Jan 06 12:36:23 EST 2013,06-Jan-2013 12:36:25.691,-85.4360113,38.37364675,28.963223,2.0,209.3,228.6,0.0588399,10.12046242,-0.31381279,0.02680302,19.51451683,686.67980957,64.78888702,428,64.62260437,35.00599289
Sun Jan 06 12:36:28 EST 2013,06-Jan-2013 12:36:30.688,-85.4372562,38.37277661666667,29.220444,2.0,214.3,228.2,-0.17651969,10.35582256,0.70607877,0.05288541,19.48043823,703.08398438,65.36427307,433,65.24397278,34.99815369
Sun Jan 06 12:36:33 EST 2013,06-Jan-2013 12:36:35.688,-85.4385154,38.37190315,29.426222,2.0,219.1,228.8,-0.45110589,9.53206348,-0.0392266,-0.03259403,20.94155312,718.83203125,65.82458496,438,65.24397278,34.9908371
Sun Jan 06 12:36:38 EST 2013,06-Jan-2013 12:36:40.689,-85.43981313333333,38.3710611,29.374777,2.0,223.6,232.7,0.94143838,10.00278282,0.50994581,0.02011836,20.60945129,733.5958252,65.70950317,443,64.62260437,34.98376465
Sun Jan 06 12:36:43 EST 2013,06-Jan-2013 12:36:45.690,-85.4411902,38.3703075,29.271889,2.0,227.8,237.8,-0.2745862,9.49283695,0.66685218,-0.03489995,19.82665634,747.37536621,65.47934723,448,64.62260437,34.97516632
Sun Jan 06 12:36:48 EST 2013,06-Jan-2013 12:36:50.688,-85.44264368333333,38.36965106666667,29.374777,2.0,231.4,242.6,0.1176798,9.02211761,1.80442357,-0.06738192,20.90268707,759.18634033,65.70950317,453,65.24397278,34.96780396
Sun Jan 06 12:36:53 EST 2013,06-Jan-2013 12:36:55.689,-85.44415481666667,38.36907943333333,29.117556,2.0,233.2,245.8,-0.32361946,9.92432976,3.412714,0.06494784,113.31052399,765.09185791,65.13411713,458,61.51574707,34.96518326
Sun Jan 06 12:36:58 EST 2013,06-Jan-2013 12:37:00.688,-85.4455697,38.368653083333335,24.64189,2.0,237.3,249.7,1.76519692,10.00278282,3.19696784,0.08012402,114.44835663,778.54333496,55.12233734,463,52.81655121,34.9671669
Sun Jan 06 12:37:03 EST 2013,06-Jan-2013 12:37:05.688,-85.44677625,38.36848498333333,18.211334,2.0,240.4,277.8,3.60884714,10.63040829,4.19724607,0.21638024,109.39440155,788.71386719,40.73759079,468,36.03952789,34.96886444
Sun Jan 06 12:37:08 EST 2013,06-Jan-2013 12:37:10.688,-85.44745435,38.36888415,14.404445,2.0,243.1,337.9,2.46146917,10.35582256,3.29503441,0.13049054,17.6282444,797.57220459,32.22182465,473,32.31130219,34.9661026
Sun Jan 06 12:37:13 EST 2013,06-Jan-2013 12:37:15.689,-85.44738145,38.36954433333333,16.102112,2.0,244.7,27.6,0.39226598,9.61051655,-0.39226598,-0.02406174,16.50995827,802.8215332,36.01939774,478,36.66090012,34.95722198
Sun Jan 06 12:37:18 EST 2013,06-Jan-2013 12:37:20.689,-85.44672255,38.3701239,18.262777,2.0,244.1,54.9,0.98066497,9.53206348,1.9221034,-0.00910395,32.53604889,800.85302734,40.85266876,483,40.38912582,34.95196533
Sun Jan 06 12:37:23 EST 2013,06-Jan-2013 12:37:25.688,-85.44576498333333,38.37045785,18.52,2.0,243.6,78.2,1.30428445,9.77723026,1.9221034,0.01904297,106.99295044,799.21264648,41.42805862,488,40.38912582,34.95335007
Sun Jan 06 12:37:28 EST 2013,06-Jan-2013 12:37:30.690,-85.4447419,38.37046373333333,16.925222,2.0,243.4,99.1,0.61781895,9.02211761,3.88343334,-0.00211442,152.85588074,798.55639648,37.86064148,493,34.79678726,34.95504379
Sun Jan 06 12:37:33 EST 2013,06-Jan-2013 12:37:35.688,-85.44397853333334,38.37035095,9.002778,2.0,243.0,105.6,0.78453195,9.06134415,4.04033947,0.00914538,82.28723145,797.24407959,20.13863945,498,14.91290855,34.96066284
Sun Jan 06 12:37:38 EST 2013,06-Jan-2013 12:37:40.688,-85.44376993333333,38.37023918333333,0.926,2.0,243.3,147.1,-0.90221179,10.12046242,1.93191004,0.04893696,0,798.22833252,2.07140279,503,0,34.96232986
Sun Jan 06 12:37:43 EST 2013,06-Jan-2013 12:37:45.689,-85.4437625,38.37023241666667,0.0,2.0,243.4,0.0,0.23535959,9.33593082,1.43177092,-0.04225749,0,798.55639648,0,508,0,34.96152496
Sun Jan 06 12:37:48 EST 2013,06-Jan-2013 12:37:50.691,-85.44376275,38.37023418333333,0.0,2.0,243.4,0.0,-0.12748645,9.99297619,1.18660462,0.02053297,0,798.55639648,0,513,0,34.96072006
Sun Jan 06 12:37:53 EST 2013,06-Jan-2013 12:37:55.691,-85.44373748333334,38.37010501666666,8.282556,2.0,243.8,183.9,0.98066497,11.37571335,-0.94143838,0.16249657,6.02378511,799.86877441,18.52754974,518,21.74799156,34.94794846
Sun Jan 06 12:37:58 EST 2013,06-Jan-2013 12:38:00.778,-85.44388071666667,38.36958261666667,15.021778,2.0,244.2,193.3,-0.74530536,10.06162262,1.19641125,0.03030765,12.65450668,801.18109131,33.60276031,523,35.41815948,34.93506241
Sun Jan 06 12:38:03 EST 2013,06-Jan-2013 12:38:05.689,-85.4441209,38.3688327,19.08589,2.0,244.6,195.2,-0.90221179,9.29670429,2.12804294,-0.02883059,80.01559448,802.49346924,42.69391632,528,42.8746109,34.92851639
Sun Jan 06 12:38:08 EST 2013,06-Jan-2013 12:38:10.688,-85.44443196666667,38.36800336666667,19.240223,2.0,245.0,198.1,0.0392266,9.56148338,2.03978324,-0.00875044,132.56315613,803.80578613,43.03915024,533,42.25324249,34.92850876
Sun Jan 06 12:38:13 EST 2013,06-Jan-2013 12:38:15.688,-85.4447931,38.367195966666664,18.52,2.0,244.8,200.1,-0.39226598,10.19891548,2.23591614,0.0597285,132.80711365,803.14959717,41.42805862,538,40.38912582,34.92987823
Sun Jan 06 12:38:18 EST 2013,06-Jan-2013 12:38:20.688,-85.4451199,38.36649546666666,12.861111,2.0,246.4,200.3,-0.87279183,8.86521149,3.33426094,-0.03577304,126.86420441,808.39892578,28.76948357,543,25.47621918,34.9318428
Sun Jan 06 12:38:23 EST 2013,06-Jan-2013 12:38:25.788,-85.44527316666667,38.36616515,3.0352223,2.0,247.4,199.5,-0.10787315,9.84587669,2.47127581,0.02948964,22.00354767,811.67974854,6.78959846,548,4.34959841,34.93928146
Sun Jan 06 12:38:28 EST 2013,06-Jan-2013 12:38:30.688,-85.44529683333333,38.36611981666667,0.0,2.0,247.4,0.0,0.1176798,9.59090328,1.50041747,-0.0157277,0,811.67974854,0,553,0,34.93539047
Sun Jan 06 12:38:33 EST 2013,06-Jan-2013 12:38:35.688,-85.44530133333333,38.3661199,0.0,2.0,247.5,0.0,-1.13757133,10.05181599,1.65732384,0.03958035,0,812.00787354,0,558,0,34.93445587
Sun Jan 06 12:38:38 EST 2013,06-Jan-2013 12:38:40.687,-85.44533745,38.36603866666667,7.4594445,2.0,247.7,197.8,-0.56878567,10.26756191,0.35303938,0.04350686,6.48073244,812.6640625,16.68630219,563,19.26250648,34.92437363
Sun Jan 06 12:38:43 EST 2013,06-Jan-2013 12:38:45.688,-85.44553938333334,38.3655712,14.0957775,2.0,248.1,199.9,-0.22555295,11.06190109,0.86298519,0.12591696,10.36213493,813.97637939,31.5313549,568,33.55404282,34.91117859
Sun Jan 06 12:38:48 EST 2013,06-Jan-2013 12:38:50.689,-85.44585555,38.3648718,18.622889,2.0,247.4,201.1,-0.8237586,8.55139828,0.4314926,-0.12851655,16.05467796,811.67974854,41.65821457,573,42.8746109,34.90065384
Sun Jan 06 12:38:53 EST 2013,06-Jan-2013 12:38:55.688,-85.44634655,38.36404768333333,21.349445,2.0,245.5,209.1,-0.78453195,9.35554409,1.45138419,-0.03696781,31.10953331,805.44616699,47.75734711,578,47.84558105,34.89424896
Sun Jan 06 12:38:58 EST 2013,06-Jan-2013 12:39:00.688,-85.44702496666666,38.363225916666664,21.86389,2.0,243.7,217.4,1.52983737,9.17902374,0.23535959,-0.05646759,37.27616882,799.54064941,48.90812683,583,49.0883255,34.89608765
Sun Jan 06 12:39:03 EST 2013,06-Jan-2013 12:39:05.688,-85.44785633333333,38.36246521666666,22.532667,2.0,241.9,224.3,-0.10787315,8.90443802,0.8237586,-0.09372568,42.16896057,793.63513184,50.40414047,588,50.33106613,34.89821625
Sun Jan 06 12:39:08 EST 2013,06-Jan-2013 12:39:10.687,-85.44877078333333,38.361766,21.761,2.0,241.2,226.4,-0.8237586,8.66907883,1.99074996,-0.0947786,57.9619751,791.33856201,48.67797089,593,47.84558105,34.90940857
Sun Jan 06 12:39:13 EST 2013,06-Jan-2013 12:39:15.687,-85.44968401666667,38.3610981,22.172556,2.0,240.9,227.0,-0.04903325,10.15968895,1.6475172,0.04382885,17.16848946,790.35430908,49.59859085,598,50.33106613,34.90524292
Sun Jan 06 12:39:18 EST 2013,06-Jan-2013 12:39:20.689,-85.45065431666667,38.360383866666666,24.024555,2.0,241.1,226.5,0.50994581,9.7870369,1.35331762,0.00313473,34.59370041,791.01049805,53.74139786,603,53.43792343,34.89916229
Sun Jan 06 12:39:23 EST 2013,06-Jan-2013 12:39:25.688,-85.45165686666667,38.35963601666667,24.539,2.0,241.0,226.9,0.00980665,8.15913296,1.68674374,-0.15605444,17.61942101,790.68243408,54.89217377,608,55.30203629,34.89447403
Sun Jan 06 12:39:28 EST 2013,06-Jan-2013 12:39:30.690,-85.45273076666666,38.358851466666664,26.03089,2.0,241.4,227.0,0.74530536,9.08095741,0.90221179,-0.07201934,30.2451458,791.99475098,58.22943878,613,57.78752136,34.88868332
Sun Jan 06 12:39:33 EST 2013,06-Jan-2013 12:39:35.687,-85.4538161,38.35805323333334,25.876556,2.0,242.2,226.6,0.74530536,9.12018394,1.01989162,-0.06680042,26.98794174,794.61938477,57.88420868,618,57.78752136,34.88522339
Sun Jan 06 12:39:38 EST 2013,06-Jan-2013 12:39:40.688,-85.45491025,38.35726558333333,25.722221,2.0,243.9,227.3,-0.0392266,9.57129002,1.50041747,-0.01776755,23.06643677,800.19683838,57.53896713,623,57.16614914,34.88094711
Sun Jan 06 12:39:43 EST 2013,06-Jan-2013 12:39:45.688,-85.45597876666666,38.35648773333333,25.567888,2.0,248.5,227.9,0.4314926,8.23758602,0.8237586,-0.16031098,17.91032791,815.28869629,57.19373703,628,57.16614914,34.87164307
Sun Jan 06 12:39:48 EST 2013,06-Jan-2013 12:39:50.688,-85.45711431666666,38.35570658333334,26.391,2.0,246.6,231.8,0.0196133,9.56148338,2.47127581,0.00134003,52.68939209,809.05511475,59.03498459,633,57.78752136,34.87334824
Sun Jan 06 12:39:53 EST 2013,06-Jan-2013 12:39:55.689,-85.45836075,38.35507238333334,25.722221,2.0,247.0,242.2,1.07873142,9.44380379,2.74586201,0.00319266,22.42264175,810.36743164,57.53896713,638,56.54477692,34.87021255
Sun Jan 06 12:39:58 EST 2013,06-Jan-2013 12:40:00.689,-85.45971538333333,38.35459638333333,26.545334,2.0,246.5,249.3,0.35303938,10.66963482,0.86298519,0.08641577,59.65107727,808.72705078,59.38022232,643,59.03026199,34.86734009
Sun Jan 06 12:40:03 EST 2013,06-Jan-2013 12:40:05.688,-85.46112666666667,38.35419395,25.722221,2.0,243.4,250.2,0.5491724,9.49283695,1.25525117,-0.02766114,40.22523117,798.55639648,57.53896713,648,56.54477692,34.87568665
Sun Jan 06 12:40:08 EST 2013,06-Jan-2013 12:40:10.688,-85.46250628333334,38.35380661666667,25.619333,2.0,241.9,249.9,-0.0784532,10.55195522,1.60829055,0.08272624,29.86636353,793.63513184,57.308815,653,56.54477692,34.8757019
Sun Jan 06 12:40:13 EST 2013,06-Jan-2013 12:40:15.687,-85.46386376666666,38.353369316666665,25.876556,2.0,242.1,243.6,-1.69655037,10.19891548,3.1381278,0.09605038,32.18018723,794.29138184,57.88420868,658,57.78752136,34.87199783
Sun Jan 06 12:40:18 EST 2013,06-Jan-2013 12:40:20.689,-85.46510576666667,38.35273433333333,25.979445,2.0,241.0,230.5,-2.19668961,10.35582256,1.68674374,0.08738196,41.75708389,790.68243408,58.11436081,663,57.16614914,34.87436676
Sun Jan 06 12:40:23 EST 2013,06-Jan-2013 12:40:25.688,-85.46614251666666,38.35190333333333,25.773666,2.0,239.7,218.6,-1.372931,11.84643269,-0.19613299,0.21047676,34.99500275,786.41729736,57.6540451,668,57.16614914,34.87646484
Sun Jan 06 12:40:28 EST 2013,06-Jan-2013 12:40:30.689,-85.46693788333333,38.35092855,25.670778,2.0,239.2,209.5,-1.01989162,10.82654095,1.33370435,0.11145711,30.95219421,784.7769165,57.42389679,673,57.16614914,34.87472153
Sun Jan 06 12:40:33 EST 2013,06-Jan-2013 12:40:35.689,-85.4676553,38.34990391666667,26.082333,2.0,237.8,208.8,-0.70607877,9.25747776,0.74530536,-0.05589479,47.46641541,780.18371582,58.34451294,678,57.78752136,34.87652969
Sun Jan 06 12:40:38 EST 2013,06-Jan-2013 12:40:40.687,-85.46836645,38.348874466666665,25.876556,2.0,235.3,205.5,-1.45138419,10.78731441,2.00055647,0.12276018,40.86373138,771.98162842,57.88420868,683,57.16614914,34.88324356
Sun Jan 06 12:40:43 EST 2013,06-Jan-2013 12:40:45.688,-85.46881985,38.34777345,25.773666,2.0,235.0,189.6,-1.73577702,11.10112762,2.07900977,0.15944684,35.5838623,770.99737549,57.6540451,688,57.16614914,34.88342285
Sun Jan 06 12:40:48 EST 2013,06-Jan-2013 12:40:50.689,-85.46888655,38.34661548333333,25.876556,2.0,234.2,176.5,-0.98066497,9.31631756,0.35303938,-0.04975742,32.26787186,768.37268066,57.88420868,693,57.16614914,34.88177872
Sun Jan 06 12:40:53 EST 2013,06-Jan-2013 12:40:55.708,-85.46854423333333,38.34548693333333,25.825111,2.0,234.4,159.1,-0.31381279,11.41493988,3.05967474,0.19974446,33.49069214,769.02886963,57.76912689,698,57.16614914,34.8804245
Sun Jan 06 12:40:58 EST 2013,06-Jan-2013 12:41:00.689,-85.46793075,38.34442526666667,25.773666,2.0,235.9,154.1,-0.5491724,9.13979721,0.33342609,-0.07137716,27.34944344,773.95013428,57.6540451,703,57.16614914,34.87776566
Sun Jan 06 12:41:03 EST 2013,06-Jan-2013 12:41:05.691,-85.46729446666667,38.343375933333334,25.825111,2.0,237.8,155.0,0.84337187,8.70830536,-0.0784532,-0.11347187,27.65602303,780.18371582,57.76912689,708,57.16614914,34.87419891
Sun Jan 06 12:41:08 EST 2013,06-Jan-2013 12:41:10.689,-85.46667563333334,38.3423257,23.767334,2.0,237.6,154.9,0.58839899,9.37515736,1.57887065,-0.03437233,108.64251709,779.52758789,53.16601181,713,48.46695328,34.87598038
Sun Jan 06 12:41:13 EST 2013,06-Jan-2013 12:41:15.692,-85.4661618,38.3414451,21.092222,2.0,236.9,155.6,-0.58839899,9.57129002,0.1176798,-0.02777565,38.54522324,777.23095703,47.18195724,718,47.22420883,34.87745667
Sun Jan 06 12:41:18 EST 2013,06-Jan-2013 12:41:20.689,-85.46566006666667,38.340578416666666,21.19511,2.0,236.3,155.2,-0.04903325,9.68896961,2.51050234,0.01493311,42.45407486,775.26245117,47.41211319,723,46.60284042,34.88217163
Sun Jan 06 12:41:23 EST 2013,06-Jan-2013 12:41:25.688,-85.46515545,38.3397165,21.092222,2.0,236.1,155.3,-0.94143838,8.39449215,2.58895564,-0.10475039,37.36089706,774.60632324,47.18195724,728,46.60284042,34.88378143
Sun Jan 06 12:41:28 EST 2013,06-Jan-2013 12:41:30.688,-85.46465445,38.33885265,21.143667,2.0,236.0,157.2,1.17679799,9.61051655,1.76519692,-0.00210702,37.97661972,774.27819824,47.29703522,733,47.22420883,34.88518906
Sun Jan 06 12:41:33 EST 2013,06-Jan-2013 12:41:35.688,-85.46426171666667,38.33794878333333,21.143667,2.0,235.6,166.6,-0.2745862,10.23814201,2.82431507,0.07762992,109.00945282,772.96588135,47.29703522,738,45.36009598,34.88843536
Sun Jan 06 12:41:38 EST 2013,06-Jan-2013 12:41:40.687,-85.46407951666667,38.337082083333335,18.468555,2.0,235.5,174.2,0.35303938,11.14035416,2.19668961,0.15268004,25.57365799,772.63781738,41.31298447,743,41.01049805,34.88803864
Sun Jan 06 12:41:43 EST 2013,06-Jan-2013 12:41:45.688,-85.46400323333333,38.33624193333333,18.880112,2.0,235.9,176.2,0.2745862,10.12046242,1.13757133,0.03316367,49.05739594,773.95013428,42.23360443,748,41.63187027,34.88822556
Sun Jan 06 12:41:48 EST 2013,06-Jan-2013 12:41:50.688,-85.46393918333334,38.33541236666667,17.748333,2.0,236.1,177.2,-0.4314926,9.47322369,1.0983448,-0.03222424,140.01205444,774.60632324,39.70188904,753,38.52501297,34.89090729
Sun Jan 06 12:41:53 EST 2013,06-Jan-2013 12:41:55.691,-85.46390633333333,38.33465316666667,16.102112,2.0,236.3,179.5,1.25525117,9.98316956,1.05911815,0.02597392,41.54633331,775.26245117,36.01939774,758,35.41815948,34.89207458
Sun Jan 06 12:41:58 EST 2013,06-Jan-2013 12:42:00.689,-85.46394378333333,38.33394366666667,15.5876665,2.0,235.9,184.7,0.39226598,10.92460823,0.86298519,0.11244643,38.71300507,773.95013428,34.8686142,763,34.79678726,34.89989471
Sun Jan 06 12:42:03 EST 2013,06-Jan-2013 12:42:05.697,-85.46407478333333,38.33323216666667,16.410778,2.0,233.9,190.7,0.88259846,10.98344803,2.23591614,0.14076018,40.61242676,767.38842773,36.70986557,768,36.66090012,34.90182877
Sun Jan 06 12:42:08 EST 2013,06-Jan-2013 12:42:10.688,-85.46430443333334,38.332494833333335,17.182444,2.0,232.7,196.6,0.1176798,8.47294521,1.77500355,-0.1228224,46.96151733,763.45141602,38.43603134,773,37.90364456,34.90446472
Sun Jan 06 12:42:13 EST 2013,06-Jan-2013 12:42:15.687,-85.4646243,38.33177118333333,16.873777,2.0,232.7,201.6,0.55897903,8.57101154,1.21602452,-0.12106907,106.08852386,763.45141602,37.74556351,778,36.66090012,34.91120529
Sun Jan 06 12:42:18 EST 2013,06-Jan-2013 12:42:20.689,-85.4650138,38.3311051,15.5876665,2.0,233.2,206.4,-0.34323275,9.02211761,3.25580764,-0.02699441,147.49252319,765.09185791,34.8686142,783,33.55404282,34.91416931
Sun Jan 06 12:42:23 EST 2013,06-Jan-2013 12:42:25.688,-85.46539755,38.330510366666665,14.250112,2.0,233.0,206.8,0.19613299,8.78675842,1.96132994,-0.08740342,134.19822693,764.43566895,31.87659073,788,30.44718933,34.91608429
Sun Jan 06 12:42:28 EST 2013,06-Jan-2013 12:42:30.781,-85.46569443333334,38.3300055,11.112,2.0,231.5,203.3,-0.1569064,10.55195522,3.1381278,0.11694849,96.91330719,759.51446533,24.85683632,793,24.23347664,34.92230606
Sun Jan 06 12:42:33 EST 2013,06-Jan-2013 12:42:35.689,-85.46590793333333,38.32965505,4.372778,2.0,230.6,207.2,0.50994581,9.36535072,4.05014658,0.03606284,32.68300247,756.56170654,9.78162575,798,6.83508301,34.93962097
Sun Jan 06 12:42:38 EST 2013,06-Jan-2013 12:42:40.687,-85.46594216666666,38.3296053,0.0,2.0,230.7,0.0,0.70607877,9.92432976,1.96132994,0.02837229,0,756.88977051,0,803,0,34.93621063
Sun Jan 06 12:42:43 EST 2013,06-Jan-2013 12:42:45.688,-85.46594133333333,38.32960156666667,0.0,3.0,230.6,0.0,-0.47071919,10.00278282,1.86326349,0.03294241,0,756.56170654,0,808,0,34.93543243
Sun Jan 06 12:42:48 EST 2013,06-Jan-2013 12:42:50.689,-85.46593973333333,38.32959915,0.0,2.0,230.5,0.0,0.78453195,9.37515736,1.9515233,-0.02592862,0,756.23358154,0,813,0,34.93465042
Sun Jan 06 12:42:53 EST 2013,06-Jan-2013 12:42:55.690,-85.46593973333333,38.32959916666667,0.0,2.0,230.5,0.0,-0.58839899,10.29698181,1.91229665,0.06391466,0,756.23358154,0,818,0,34.93374252
Sun Jan 06 12:42:58 EST 2013,06-Jan-2013 12:43:00.689,-85.46593973333333,38.329599183333336,0.0,2.0,230.5,0.0,0.31381279,9.13979721,1.87307012,-0.05377483,0,756.23358154,0,823,0,34.93296051
Sun Jan 06 12:43:03 EST 2013,06-Jan-2013 12:43:05.687,-85.46594945,38.329586883333334,1.749111,2.0,230.5,212.9,0.23535959,10.08123589,1.07873142,0.02843606,9.47209263,756.23358154,3.91264987,828,11.80605221,34.92557526
Sun Jan 06 12:43:08 EST 2013,06-Jan-2013 12:43:10.688,-85.4659915,38.3293208,7.2022223,2.0,230.4,143.5,-2.98122144,9.65954971,0.4118793,0.02598989,6.06581354,755.90551758,16.11091232,833,19.26250648,34.9148941
Sun Jan 06 12:43:13 EST 2013,06-Jan-2013 12:43:15.694,-85.4654551,38.32911168333333,13.684222,2.0,230.3,109.4,-0.50994581,8.74753189,2.00055647,-0.08916432,13.18224525,755.57745361,30.61073303,838,32.31130219,34.9024086
Sun Jan 06 12:43:18 EST 2013,06-Jan-2013 12:43:20.688,-85.46461656666666,38.328900833333336,17.285334,2.0,230.6,107.7,-0.39226598,10.35582256,-0.0392266,0.05104625,15.57890987,756.56170654,38.66618729,843,39.76775742,34.89086914
Sun Jan 06 12:43:23 EST 2013,06-Jan-2013 12:43:25.689,-85.46362875,38.3286628,18.52,4.0,230.5,106.6,0.04903325,9.93413639,0.23535959,0.0075928,21.42328453,756.23358154,41.42805862,848,44.11735535,34.88407135
Sun Jan 06 12:43:28 EST 2013,06-Jan-2013 12:43:30.689,-85.46254641666667,38.328336883333336,19.291666,4.0,231.5,117.0,1.8436501,10.19891548,1.54945064,0.06287825,127.5782547,759.51446533,43.15422821,853,41.63187027,34.88447952
Sun Jan 06 12:43:33 EST 2013,06-Jan-2013 12:43:35.692,-85.46178736666667,38.327828866666664,15.844889,3.0,235.6,145.0,0.4314926,9.29670429,1.17679799,-0.04910719,160.90093994,772.96588135,35.44400787,858,33.55404282,34.88637924
Sun Jan 06 12:43:38 EST 2013,06-Jan-2013 12:43:40.695,-85.46144971666666,38.3273366,7.2022223,2.0,237.8,161.0,1.21602452,9.32612419,3.53039384,0.01868343,57.51352692,780.18371582,16.11091232,863,11.18468189,34.9001503
Sun Jan 06 12:43:43 EST 2013,06-Jan-2013 12:43:45.703,-85.46148946666666,38.32714555,6.3276668,2.0,238.6,224.9,1.39254427,10.66963482,-0.35303938,0.09208512,4.75616121,782.80841064,14.15458775,868,16.77702141,34.88830185
Sun Jan 06 12:43:48 EST 2013,06-Jan-2013 12:43:50.689,-85.46202121666667,38.326978133333334,13.221222,2.0,238.6,253.1,-0.57859236,10.12046242,2.27514267,0.05368066,12.91339779,782.80841064,29.57502937,873,31.06855965,34.87389755
Sun Jan 06 12:43:53 EST 2013,06-Jan-2013 12:43:55.687,-85.46283741666667,38.326786033333335,16.359333,2.0,238.5,254.1,0.1569064,10.59118176,0,0.07439184,29.38829803,782.48028564,36.59478378,878,37.28227234,34.86649323
Sun Jan 06 12:43:58 EST 2013,06-Jan-2013 12:44:00.689,-85.46376601666667,38.326583033333335,16.565111,2.0,238.1,254.6,-0.45110589,9.76742363,1.76519692,0.00747538,140.86421204,781.16802979,37.05509949,883,36.03952789,34.86720276
Sun Jan 06 12:44:03 EST 2013,06-Jan-2013 12:44:05.691,-85.46465101666666,38.326395733333335,15.742,2.0,237.5,254.7,-0.44129923,9.70858288,1.17679799,-0.00743777,173.04441833,779.19946289,35.21384811,888,35.41815948,34.86882782
Sun Jan 06 12:44:08 EST 2013,06-Jan-2013 12:44:10.699,-85.4655494,38.32621288333333,16.410778,4.0,237.1,255.1,0.0784532,9.12018394,1.6475172,-0.06059432,112.77648926,777.887146,36.70986557,893,36.03952789,34.87254715
Sun Jan 06 12:44:13 EST 2013,06-Jan-2013 12:44:15.691,-85.4664314,38.32602131666667,15.484777,3.0,237.4,254.7,-0.50013912,9.02211761,1.48080409,-0.07197326,48.50849152,778.87139893,34.63845825,898,34.17541504,34.87768173
Sun Jan 06 12:44:18 EST 2013,06-Jan-2013 12:44:20.688,-85.46722966666667,38.32577991666667,14.044333,2.0,237.5,241.5,-0.14709975,8.94366455,1.0983448,-0.08669776,142.0566864,779.19946289,31.41627884,903,30.44718933,34.87957382
Sun Jan 06 12:44:23 EST 2013,06-Jan-2013 12:44:25.690,-85.46780795,38.32548486666666,9.208555,2.0,238.1,234.8,-0.1372931,10.02239609,3.85401344,0.08931577,89.80516815,781.16802979,20.59895134,908,16.77702141,34.88990402
Sun Jan 06 12:44:28 EST 2013,06-Jan-2013 12:44:30.770,-85.46802796666667,38.325365033333334,0.72022223,2.0,238.9,236.7,0.1372931,10.05181599,1.15718472,0.02615464,0,783.79260254,1.61109114,913,0,34.89201736
Sun Jan 06 12:44:33 EST 2013,06-Jan-2013 12:44:35.688,-85.4681428,38.32530666666667,5.453111,2.0,239.1,236.9,-0.49033248,9.17902374,1.29447782,-0.05909777,8.22621918,784.44885254,12.19826126,918,14.29153728,34.8802681
Sun Jan 06 12:44:38 EST 2013,06-Jan-2013 12:44:40.688,-85.4684963,38.325123266666665,9.414333,2.0,239.7,237.4,-0.58839899,9.86548996,0.4118793,0.00296021,10.9937191,786.41729736,21.05926323,923,22.36936378,34.86859512
Sun Jan 06 12:44:43 EST 2013,06-Jan-2013 12:44:45.688,-85.46902151666667,38.32485818333333,12.038,2.0,239.8,237.3,-0.19613299,10.45388889,1.41215754,0.07014287,20.93020439,786.74542236,26.92823792,928,27.96170425,34.85855484
Sun Jan 06 12:44:48 EST 2013,06-Jan-2013 12:44:50.688,-85.46963608333333,38.324542066666666,13.118333,2.0,238.8,236.6,-0.2745862,9.95374966,3.64807367,0.07565773,88.44846344,783.46459961,29.34487534,933,29.20444679,34.87143326
Sun Jan 06 12:44:53 EST 2013,06-Jan-2013 12:44:55.776,-85.47026026666667,38.324216766666666,13.478444,2.0,237.0,236.8,-0.2745862,9.72819614,1.17679799,-0.00607526,29.47344208,777.55908203,30.15041924,938,30.44718933,34.88250351
Sun Jan 06 12:44:58 EST 2013,06-Jan-2013 12:45:00.688,-85.47092648333333,38.32387718333333,13.89,2.0,236.1,237.0,-0.52955908,9.79684353,0.50994581,-0.00389099,49.43193054,774.60632324,31.07104683,943,31.06855965,34.89525223
Sun Jan 06 12:45:03 EST 2013,06-Jan-2013 12:45:05.688,-85.47157495,38.323542483333334,12.964,2.0,236.3,237.7,-0.58839899,10.19891548,1.41215754,0.04591799,132.85397339,775.26245117,28.99964142,948,27.96170425,34.90313721
Sun Jan 06 12:45:08 EST 2013,06-Jan-2013 12:45:10.688,-85.47212016666667,38.32327955,7.973889,2.0,236.9,238.3,1.13757133,9.10057068,3.46174741,-0.00607479,68.34729767,777.23095703,17.83708191,953,14.91290855,34.91532516
Sun Jan 06 12:45:13 EST 2013,06-Jan-2013 12:45:15.689,-85.47230891666666,38.32318441666666,0.0,2.0,237.3,0.0,0.62762558,9.7870369,1.372931,0.00409937,0,778.54333496,0,958,0,34.91423416
Sun Jan 06 12:45:18 EST 2013,06-Jan-2013 12:45:20.688,-85.4723132,38.323183633333336,0.0,2.0,237.4,0.0,-0.86298519,10.51272869,1.48080409,0.08042455,0,778.87139893,0,963,0,34.91333771
Sun Jan 06 12:45:23 EST 2013,06-Jan-2013 12:45:25.690,-85.47231691666667,38.32318145,0.0,2.0,237.6,0.0,-0.23535959,10.04200935,-0.8237586,0.02201104,0,779.52758789,0,968,3.72822714,34.91257095
Sun Jan 06 12:45:28 EST 2013,06-Jan-2013 12:45:30.687,-85.47251836666666,38.323076566666664,8.231112,2.0,237.6,237.5,-0.19613299,10.51272869,1.0983448,0.07229447,8.40342808,779.52758789,18.41247177,973,21.12662125,34.89897156
Sun Jan 06 12:45:33 EST 2013,06-Jan-2013 12:45:35.689,-85.47306546666667,38.322798033333335,13.684222,2.0,236.6,236.7,-0.12748645,9.45361042,1.15718472,-0.03440732,16.74683189,776.24676514,30.61073303,978,31.68992996,34.88693237
Sun Jan 06 12:45:38 EST 2013,06-Jan-2013 12:45:40.720,-85.4738021,38.3224207,16.462223,2.0,236.4,236.5,-0.70607877,10.80692768,1.94171667,0.11621797,34.83726883,775.59051514,36.82494354,983,36.66090012,34.88202667
Sun Jan 06 12:45:43 EST 2013,06-Jan-2013 12:45:45.687,-85.47460225,38.32200708333333,17.182444,2.0,236.6,236.5,-0.42168593,10.71866798,0.76491868,0.09089065,16.79437447,776.24676514,38.43603134,988,38.52501297,34.87837982
Sun Jan 06 12:45:48 EST 2013,06-Jan-2013 12:45:50.691,-85.4754428,38.321572233333335,17.645445,2.0,240.4,236.5,-0.52955908,8.68869209,0.8531785,-0.11376494,26.46116257,788.71386719,39.47173691,993,38.52501297,34.87158203
Sun Jan 06 12:45:53 EST 2013,06-Jan-2013 12:45:55.696,-85.47628711666667,38.321135166666664,17.954111,2.0,241.0,236.8,0.00980665,9.89490986,3.21658111,0.05525398,111.02597809,790.68243408,40.16220093,998,39.76775742,34.87184143
Sun Jan 06 12:45:58 EST 2013,06-Jan-2013 12:46:00.692,-85.47714891666666,38.320686083333335,17.954111,2.0,238.4,236.9,0.2549729,9.84587669,2.07900977,0.02075946,25.40027046,782.15222168,40.16220093,1003,40.38912582,34.87471008
Sun Jan 06 12:46:03 EST 2013,06-Jan-2013 12:46:05.768,-85.47802853333333,38.320234416666665,18.52,2.0,237.5,237.0,0.08825985,9.02211761,1.52983737,-0.07250071,51.23986435,779.19946289,41.42805862,1008,41.01049805,34.88175583
Sun Jan 06 12:46:08 EST 2013,06-Jan-2013 12:46:10.687,-85.47890938333333,38.319783883333336,18.468555,2.0,237.6,237.0,-0.80414528,10.28717518,2.07900977,0.0676204,31.07377243,779.52758789,41.31298447,1013,41.01049805,34.88098145
Sun Jan 06 12:46:13 EST 2013,06-Jan-2013 12:46:15.696,-85.47979185,38.3193357,18.057,2.0,239.2,236.8,-0.37265268,9.37515736,1.31409109,-0.03959453,50.04938126,784.7769165,40.39235687,1018,39.76775742,34.88293076
Sun Jan 06 12:46:18 EST 2013,06-Jan-2013 12:46:20.690,-85.48064696666667,38.3188911,18.211334,2.0,239.0,236.3,-0.61781895,10.48330879,0.94143838,0.06942439,41.01396561,784.12072754,40.73759079,1023,40.38912582,34.88420486
Sun Jan 06 12:46:23 EST 2013,06-Jan-2013 12:46:25.699,-85.4815242,38.318432316666666,18.622889,2.0,238.1,236.4,-0.62762558,10.43427563,1.8436501,0.07664776,34.71936417,781.16802979,41.65821457,1028,41.63187027,34.88633728
Sun Jan 06 12:46:28 EST 2013,06-Jan-2013 12:46:30.801,-85.48242761666667,38.31796675,18.777222,2.0,238.0,237.1,-0.1569064,9.13979721,1.74558365,-0.05670142,36.91904831,780.83990479,42.00344849,1033,41.63187027,34.88703156
Sun Jan 06 12:46:33 EST 2013,06-Jan-2013 12:46:35.696,-85.4833116,38.31750468333333,18.314222,2.0,237.8,235.5,-0.47071919,10.29698181,1.07873142,0.05111802,26.75027847,780.18371582,40.96774673,1038,41.63187027,34.88975143
Sun Jan 06 12:46:38 EST 2013,06-Jan-2013 12:46:40.699,-85.48413866666667,38.31700536666666,17.594,2.0,239.2,228.7,-0.56878567,10.51272869,2.19668961,0.09095538,50.2441597,784.7769165,39.35665512,1043,39.14638519,34.89691925
Sun Jan 06 12:46:43 EST 2013,06-Jan-2013 12:46:45.699,-85.48480396666666,38.3164003,18.211334,2.0,236.4,215.7,-1.17679799,10.12046242,3.09890127,0.08021796,128.32589722,775.59051514,40.73759079,1048,40.38912582,34.90280533
Sun Jan 06 12:46:48 EST 2013,06-Jan-2013 12:46:50.695,-85.48536178333333,38.31571575,17.696888,2.0,235.0,208.5,-0.59820563,9.47322369,0.79433864,-0.0343821,32.00239563,770.99737549,39.58680725,1053,39.14638519,34.90416718
Sun Jan 06 12:46:53 EST 2013,06-Jan-2013 12:46:55.804,-85.48573105,38.314995,16.873777,2.0,234.9,197.3,0.39226598,9.61051655,1.96132994,-0.00470018,38.41470337,770.66925049,37.74556351,1058,37.28227234,34.91028976
Sun Jan 06 12:46:58 EST 2013,06-Jan-2013 12:47:00.698,-85.48594606666667,38.31427463333333,16.410778,2.0,237.1,189.0,-0.5491724,10.29698181,2.86354184,0.08555317,37.74802017,777.887146,36.70986557,1063,37.90364456,34.91315842
Sun Jan 06 12:47:03 EST 2013,06-Jan-2013 12:47:05.704,-85.48607851666667,38.313520483333335,16.513666,2.0,237.0,187.3,0.23535959,10.21852875,3.412714,0.09310448,111.03105164,777.55908203,36.9400177,1068,36.03952789,34.9239006
Sun Jan 06 12:47:08 EST 2013,06-Jan-2013 12:47:10.701,-85.48621491666667,38.31286621666667,12.295222,2.0,238.8,192.1,0.94143838,8.59062481,3.45194077,-0.05673724,98.36738586,783.46459961,27.50362778,1073,19.88387871,34.92549515
Sun Jan 06 12:47:13 EST 2013,06-Jan-2013 12:47:15.690,-85.486173,38.31258566666666,6.7906666,2.0,239.4,126.2,-0.60801226,10.21852875,0.2941995,0.03855944,7.27868509,785.43304443,15.19028854,1078,16.77702141,34.9239502
Sun Jan 06 12:47:18 EST 2013,06-Jan-2013 12:47:20.691,-85.48574266666667,38.31238605,9.928778,2.0,239.0,119.7,-0.2549729,9.80665016,1.8436501,0.01214528,17.13871193,784.12072754,22.21004295,1083,23.61210442,34.91349411
Sun Jan 06 12:47:23 EST 2013,06-Jan-2013 12:47:25.688,-85.48520298333334,38.312124966666666,11.883667,2.0,239.8,123.1,-0.4314926,9.61051655,2.35359597,0.00421607,39.19102859,786.74542236,26.58300591,1088,27.96170425,34.90832901
Sun Jan 06 12:47:28 EST 2013,06-Jan-2013 12:47:30.691,-85.48458478333333,38.3118483,12.449555,2.0,239.2,120.1,0.19613299,10.17930222,0.94143838,0.03690779,91.94339752,784.7769165,27.84886169,1093,27.34033203,34.93413544
Sun Jan 06 12:47:33 EST 2013,06-Jan-2013 12:47:35.688,-85.48399021666667,38.311570466666666,11.729333,2.0,238.8,120.9,-0.2549729,9.63993645,2.82431507,0.01894295,114.72936249,783.46459961,26.23777008,1098,25.47621918,34.94032288
Sun Jan 06 12:47:38 EST 2013,06-Jan-2013 12:47:40.687,-85.48345475,38.31127193333333,11.523556,2.0,238.0,133.5,0.48052585,10.18910885,1.04931152,0.03992891,19.34957504,780.83990479,25.77745819,1103,26.09758949,34.94087601
Sun Jan 06 12:47:43 EST 2013,06-Jan-2013 12:47:45.687,-85.48297818333333,38.310852266666664,12.964,2.0,237.8,139.1,-0.0588399,9.76742363,1.30428445,-0.00084221,21.19239235,780.18371582,28.99964142,1108,28.58307457,34.93318176
Sun Jan 06 12:47:48 EST 2013,06-Jan-2013 12:47:50.691,-85.4824965,38.31040231666667,12.861111,2.0,239.2,141.4,0.33342609,9.7870369,1.86326349,0.01078904,41.34884644,784.7769165,28.76948357,1113,28.58307457,34.93203735
Sun Jan 06 12:47:53 EST 2013,06-Jan-2013 12:47:55.690,-85.48208698333333,38.309941216666665,12.346666,2.0,238.0,146.8,-0.2549729,9.85568333,2.92238164,0.04285693,49.84136581,780.83990479,27.61870575,1118,28.58307457,34.94238281
Sun Jan 06 12:47:58 EST 2013,06-Jan-2013 12:48:00.691,-85.48168175,38.309461066666664,13.015445,3.0,237.4,145.9,-0.0588399,10.12046242,2.3928225,0.05474973,36.31377792,778.87139893,29.11471939,1123,29.20444679,34.94314957
Sun Jan 06 12:48:03 EST 2013,06-Jan-2013 12:48:05.688,-85.48123273333333,38.30894995,13.684222,3.0,234.7,146.5,0.12748645,10.51272869,3.25580764,0.11656773,41.74726868,770.01312256,30.61073303,1128,29.82581711,34.94917297
Sun Jan 06 12:48:08 EST 2013,06-Jan-2013 12:48:10.688,-85.48080056666667,38.308467783333334,12.912556,3.0,234.6,145.7,0.66685218,10.19891548,3.09890127,0.08334327,71.34287262,769.68505859,28.88456345,1133,28.58307457,34.96310043
Sun Jan 06 12:48:13 EST 2013,06-Jan-2013 12:48:15.687,-85.48038905,38.30798455,12.912556,3.0,233.9,145.9,-0.50994581,9.96355629,0.66685218,0.01389396,66.38065338,767.38842773,28.88456345,1138,28.58307457,34.9898262
Sun Jan 06 12:48:18 EST 2013,06-Jan-2013 12:48:20.696,-85.47997121666667,38.307494166666665,13.272667,3.0,231.5,146.0,-0.2745862,9.95374966,3.17735457,0.06010425,96.02976227,759.51446533,29.69011116,1143,29.20444679,35.00396729
Sun Jan 06 12:48:23 EST 2013,06-Jan-2013 12:48:25.688,-85.4795531,38.307010616666666,12.861111,3.0,231.3,146.2,-0.8237586,9.25747776,1.76519692,-0.04101521,26.0843792,758.85827637,28.76948357,1148,28.58307457,35.01787186
Sun Jan 06 12:48:28 EST 2013,06-Jan-2013 12:48:30.691,-85.47913461666667,38.30653518333333,12.861111,6.0,231.5,145.4,0,9.92432976,1.52983737,0.0182457,95.81156158,759.51446533,28.76948357,1153,28.58307457,35.0404129
Sun Jan 06 12:48:33 EST 2013,06-Jan-2013 12:48:35.690,-85.4787386,38.30606723333333,12.552444,3.0,229.9,145.6,0.78453195,9.63012981,0.39226598,-0.01962966,114.02428436,754.26507568,28.07901573,1158,27.96170425,35.05897141
Sun Jan 06 12:48:38 EST 2013,06-Jan-2013 12:48:40.688,-85.47833676666667,38.30559045,12.243778,3.0,229.3,147.2,0.23535959,9.84587669,1.0983448,0.00480986,114.1877594,752.29656982,27.3885498,1163,27.34033203,35.06082535
Sun Jan 06 12:48:43 EST 2013,06-Jan-2013 12:48:45.689,-85.47796263333333,38.30515223333333,10.237445,3.0,227.4,147.0,-0.18632634,9.17902374,4.62873888,0.04273105,81.91320038,746.06298828,22.90051079,1168,17.39839363,35.07058334
Sun Jan 06 12:48:48 EST 2013,06-Jan-2013 12:48:50.691,-85.47781245,38.30497631666667,2.3664443,3.0,227.4,146.0,-0.24516624,10.25775528,0.36284605,0.04123735,5.09326696,746.06298828,5.2935853,1173,8.07782555,35.06874847
Sun Jan 06 12:48:53 EST 2013,06-Jan-2013 12:48:55.689,-85.47763543333333,38.304782349999996,7.665222,2.0,227.9,144.6,-0.30400613,9.82626343,0.98066497,0.00175285,8.63511276,747.70336914,17.14661407,1178,18.64113617,35.05403519
Sun Jan 06 12:48:58 EST 2013,06-Jan-2013 12:49:00.689,-85.47733083333334,38.30442273333333,10.597555,2.0,228.2,145.7,-0.70607877,10.43427563,3.39310074,0.11541772,91.25724792,748.68768311,23.70605659,1183,23.61210442,35.05644226
Sun Jan 06 12:49:03 EST 2013,06-Jan-2013 12:49:05.704,-85.4769493,38.304069283333334,10.340333,2.0,226.8,127.1,-2.00055647,9.88510323,2.15746284,0.04598641,109.23549652,744.09448242,23.13066483,1188,22.9907341,35.05802536
Sun Jan 06 12:49:08 EST 2013,06-Jan-2013 12:49:10.691,-85.47640673333333,38.30385665,11.1634445,2.0,225.3,111.1,-2.03978324,9.82626343,2.15746284,0.04102635,131.28236389,739.17321777,24.97191429,1193,25.47621918,35.05987549
Sun Jan 06 12:49:13 EST 2013,06-Jan-2013 12:49:15.689,-85.47579433333334,38.30368355,11.1634445,2.0,223.1,110.1,-1.45138419,10.70886135,1.01989162,0.10114443,123.7699585,731.9553833,24.97191429,1198,24.85484695,35.06145859
Sun Jan 06 12:49:18 EST 2013,06-Jan-2013 12:49:20.690,-85.47520733333333,38.30351531666667,10.803333,2.0,222.1,110.6,-0.0392266,9.68896961,1.29447782,-0.00891137,118.95993805,728.67456055,24.16636658,1203,24.23347664,35.06304169
Sun Jan 06 12:49:23 EST 2013,06-Jan-2013 12:49:25.688,-85.47467556666666,38.3033593,7.562333,3.0,220.6,109.1,2.03978324,10.35582256,3.24600101,0.12029541,67.45191956,723.7532959,16.91645622,1208,13.04879475,35.0737648
Sun Jan 06 12:49:28 EST 2013,06-Jan-2013 12:49:30.689,-85.47452383333334,38.30317706666666,5.658889,2.0,219.4,197.0,0.32361946,9.72819614,0.78453195,-0.00993037,11.81357861,719.81628418,12.6585741,1213,15.53427982,35.07145309
Sun Jan 06 12:49:33 EST 2013,06-Jan-2013 12:49:35.689,-85.4747096,38.302847783333334,9.054222,2.0,218.1,203.5,-0.78453195,10.05181599,1.45138419,0.0330025,67.85597992,715.5512085,20.25371742,1218,20.50524902,35.06558609
Sun Jan 06 12:49:38 EST 2013,06-Jan-2013 12:49:40.688,-85.47492301666666,38.30247093333333,8.436889,2.0,216.8,204.7,0.24516624,9.15941048,2.61837554,-0.03395414,82.95336914,711.28607178,18.87278175,1223,16.77702141,35.07701492
Sun Jan 06 12:49:43 EST 2013,06-Jan-2013 12:49:45.794,-85.47495361666667,38.30218978333333,6.173333,2.0,215.6,132.4,-1.76519692,10.30678844,0.72569209,0.06314433,9.76933479,707.34912109,13.80935287,1228,16.15565109,35.08691025
Sun Jan 06 12:49:48 EST 2013,06-Jan-2013 12:49:50.688,-85.47454316666666,38.30203853333333,9.157111,3.0,215.1,112.4,-0.28439283,9.96355629,1.8436501,0.02794337,21.84710121,705.7086792,20.48387337,1233,22.9907341,35.07768631
Sun Jan 06 12:49:53 EST 2013,06-Jan-2013 12:49:55.689,-85.47395108333333,38.301840133333336,11.832222,3.0,215.0,114.0,0.10787315,9.80665016,1.71616375,0.00955212,33.958992,705.3805542,26.46792603,1238,26.71896172,35.0737114
Sun Jan 06 12:49:58 EST 2013,06-Jan-2013 12:50:00.690,-85.47333671666667,38.301627,11.317778,2.0,214.5,113.7,0.1569064,9.83607006,1.87307012,0.01544285,105.50880432,703.74017334,25.31714821,1243,24.85484695,35.08838272
Sun Jan 06 12:50:03 EST 2013,06-Jan-2013 12:50:05.688,-85.47274746666666,38.30143425,11.060555,2.0,214.4,113.3,-1.01989162,9.88510323,3.21658111,0.05939066,115.0402832,703.41204834,24.74175644,1248,22.9907341,35.08996201
Sun Jan 06 12:50:08 EST 2013,06-Jan-2013 12:50:10.789,-85.47223583333333,38.30126288333334,8.797,3.0,213.2,112.0,0.1569064,9.17902374,3.21658111,-0.0137611,82.51330566,699.47503662,19.67832756,1253,18.64113617,35.11220932
Sun Jan 06 12:50:13 EST 2013,06-Jan-2013 12:50:15.688,-85.47189605,38.30115013333333,3.8068888,3.0,210.4,140.5,1.05911815,8.35526562,3.37348747,-0.08052295,28.18702507,690.28869629,8.51576805,1258,6.83508301,35.1190834
Sun Jan 06 12:50:18 EST 2013,06-Jan-2013 12:50:20.689,-85.47192343333333,38.30100373333333,3.704,3.0,210.0,204.5,0.23535959,9.58109665,0.31381279,-0.02787328,12.54937649,688.97637939,8.28561115,1263,8.07782555,35.11082077
Sun Jan 06 12:50:23 EST 2013,06-Jan-2013 12:50:25.688,-85.4720191,38.30087651666667,2.8294444,2.0,209.9,207.7,-0.86298519,10.18910885,1.25525117,0.04483044,14.30230522,688.64825439,6.32928705,1268,6.21371174,35.10401917
Sun Jan 06 12:50:28 EST 2013,06-Jan-2013 12:50:30.688,-85.4720666,38.30081668333333,0.0,3.0,209.9,0.0,0.0784532,9.77723026,0.9904716,-0.00356531,0,688.64825439,0,1273,0,35.09767532
Sun Jan 06 12:50:33 EST 2013,06-Jan-2013 12:50:35.718,-85.47206953333334,38.300818,0.0,3.0,209.4,0.0,0,9.92432976,1.01989162,0.01162469,0,687.00787354,0,0,0,35.09692764
Sun Jan 06 12:50:38 EST 2013,06-Jan-2013 12:50:40.699,-85.47207743333334,38.30081836666667,0.0,3.0,209.5,0.0,0.02941995,10.28717518,1.2650578,0.05118752,0,687.3359375,0,0,0,35.0965538
